fitness,3550807.0840951907
colision,355
distances,807.0840951905419
genom,"[ 156  127  828  900 1053 1518   31  548  507 1341  112 1399  972 1126
  708  870  734 1004 1146   87 1062 1486  295 1509 1174   79  740  370
 1435    4  492  478  890  464  264 1038  543  389 1275  181  570 1336
  356 1412  667 1208  335 1279  324  140  971  374  864 1380 1067 1418
  973  715  552  597 1321 1347  876  194 1500  919 1137 1412  528  180
  715  914 1378  966  467   83  773 1482  545 1302  129 1119  227  732
  323  272   12  837  462  703  569 1295  913   54 1024  484  793  433
  182  348 1316  793 1407 1238  657  972    6  420 1108 1277 1296 1276
  676   44  319 1247   14 1128  916   40 1012 1272   37   24  250   57
  963 1159  795  288 1312 1037  808  727 1323  183  920  930  409  914
 1054 1348  536  143 1419 1426 1171  560  962  470  571 1412  654  513
 1114  640  125  158  770 1367  543   95  150  857  386  206  772 1143
   84 1438  266 1260  880   12  855  157  321 1119 1333 1283    5 1402
 1507  923  627  939  383  684  590 1201  632 1160  129  578   13  957
  215   25 1087 1243 1206   26  432  994   78 1174  934  730  800  742
 1004 1208  122  645  647 1372  101   65  422   92  530  549 1203  350
  262 1495 1501  740   58  463  502  922  115  204 1154 1144    5  834
  373  408   38 1370  170 1235 1111  558 1005  835 1148  755  307 1155
 1012 1445  926  800  717  280  601  268  956    9  348  726 1195  116
 1169  996 1421  636  613  114 1296 1451 1510  145  352  799  658 1504
  766  834  543  377  578 1303 1506  310 1165 1317  101  252  751 1069
  716 1464 1475 1516 1246 1494  662  125  644 1212  713  428 1080  317
  523   11 1255  593  530  232  837 1024  484 1319  852  521]"
